{"cameraMode":{"drawMode":0,"name":"Shaded","section":"Shading Mode"},"sceneLighting":true,"audioPlay":false,"sceneViewState":{"showFog":true,"showMaterialUpdate":false,"showSkybox":true,"showFlares":true,"showImageEffects":true,"showParticleSystems":true},"in2DMode":false,"pivot":{"x":549.3890380859375,"y":1650.20703125,"z":735.3186645507813},"rotation":{"x":0.6964209079742432,"y":5.103821809626652e-9,"z":3.778547252863973e-9,"w":0.7176329493522644},"size":38.00178527832031,"orthographic":true}