{"cameraMode":{"drawMode":0,"name":"Shaded","section":"Shading Mode"},"sceneLighting":true,"audioPlay":false,"sceneViewState":{"showFog":true,"showMaterialUpdate":false,"showSkybox":true,"showFlares":true,"showImageEffects":true,"showParticleSystems":true},"in2DMode":false,"pivot":{"x":-0.009122848510742188,"y":0.10905265808105469,"z":3.4050025939941408},"rotation":{"x":0.6964209079742432,"y":5.103821809626652e-9,"z":3.778547252863973e-9,"w":0.7176329493522644},"size":23.883899688720704,"orthographic":true}